,סטטוס,תאור,סכום עמלה,סכום,אמצעי תשלום,זיכוי/חיוב,מאת/ל,תאריך

,בוצע,קאמרי צוותא צמה ותמר,,540,כרטיס אשראי,חיוב,ליזי מילשטיין,01.01.25

,בוצע,קופה קטנה,,1000,יתרה,זיכוי,ליזי מילשטיין,05.01.25

,בוצע,לחשבון בנק מזרחי טפחות בעמ 016,,1000,חשבון בנק,זיכוי,איתן כץ,05.01.25

,בוצע,סיור לעוטף 9.1.25,,185,כרטיס אשראי,חיוב,טליה פרלה,08.01.25

,בוצע,תשלום כפול לסיור,,185,יתרה,זיכוי,טלי פרלה,09.01.25

,בוצע,לחשבון בנק מזרחי טפחות בעמ 016,,185,חשבון בנק,זיכוי,איתן כץ,09.01.25

,בוצע,סיור העוטף תמר מנוי,,555,כרטיס אשראי,חיוב,ליזי מילשטיין,11.01.25

,בוצע,מזומן,,150,כרטיס אשראי,חיוב,ליזי מילשטיין,12.01.25

,בוצע,קלפים,,140,יתרה,זיכוי,ליזי מילשטיין,13.01.25

,בוצע,לחשבון בנק מזרחי טפחות בעמ 016,,140,חשבון בנק,זיכוי,איתן כץ,13.01.25

,בוצע,קולנוע לב,,90,כרטיס אשראי,חיוב,ליזי מילשטיין,26.01.25

,בוצע,קופה קטנה,,1000,יתרה,זיכוי,ליזי מילשטיין,04.02.25

,בוצע,לחשבון בנק מזרחי טפחות בעמ 016,,1000,חשבון בנק,זיכוי,איתן כץ,04.02.25

,בוצע,גולדין + גשר,,240,כרטיס אשראי,חיוב,ליזי מילשטיין,09.02.25

,בוצע,ריטה + אביב גפן,,553,כרטיס אשראי,חיוב,ליזי מילשטיין,19.02.25

,בוצע,מנוי בית-לסין,,208,כרטיס אשראי,חיוב,ליזי מילשטיין,02.03.25

,בוצע,החזר קלידרמן,,474,יתרה,זיכוי,ליזי מילשטיין,06.03.25

,בוצע,לחשבון בנק מזרחי טפחות בעמ 016,,474,חשבון בנק,זיכוי,איתן כץ,06.03.25

,בוצע,Work if Art,,89,כרטיס אשראי,חיוב,ליזי מילשטיין,10.03.25

,בוצע,קובי מידן - חנוך לוין,,95,כרטיס אשראי,חיוב,ליזי מילשטיין,13.03.25

,בוצע,רופה קטנה,,1000,יתרה,זיכוי,ליזי מילשטיין,14.03.25

,בוצע,מתנה לדן סממה,,120,יתרה,חיוב,ליזי מילשטיין,15.03.25

,בוצע,לחשבון בנק מזרחי טפחות בעמ 016,,880,חשבון בנק,זיכוי,איתן כץ,15.03.25

,בוצע,יין לבן,,180,כרטיס אשראי,חיוב,ארנון פרלה,15.03.25

,בוצע,תזמורת המהפכה - אריק אינשטיין,,190,כרטיס אשראי,חיוב,ליזי מילשטיין,19.03.25

,בוצע,מזומן,,250,כרטיס אשראי,חיוב,ליזי מילשטיין,21.03.25

,בוצע,צוותא - אהוד מנור,,85,כרטיס אשראי,חיוב,ליזי מילשטיין,21.03.25

,בוצע,עוף ובשר,,200,יתרה,זיכוי,ליזי מילשטיין,03.04.25

,בוצע,קופה קטנה,,1000,יתרה,זיכוי,ליזי מילשטיין,10.04.25

,בוצע,רמי ברוך,,68,יתרה,חיוב,מירה פז,16.04.25

,בוצע,רמי ברוך,,68,יתרה,חיוב,מירה פז,16.04.25

,סורב,מנוי לקאמרי,,420,יתרה,חיוב,ליזי מילשטיין,22.04.25

,בוצע,203 כר׳ כבש 16 פחות מנוי הקאמרי,,1059,יתרה,זיכוי,ליזי מילשטיין,22.04.25

,בוצע,סופר פארם,,88,יתרה,חיוב,ליזי מילשטיין,15.05.25

,בוצע,פרסיליה מלכת המדבר,,85,יתרה,חיוב,ליזי מילשטיין,20.05.25

,בוצע,מוזיאון חולון הדרכה,,70,יתרה,חיוב,ליזי מילשטיין,20.05.25

,בוצע,קרן פלס ומירי מסיקה,,379,יתרה,חיוב,ליזי מילשטיין,20.05.25

,בוצע,צבע טרי,,63,יתרה,חיוב,ליזי מילשטיין,31.05.25

,בוצע,בלט: החטא ועונשו,,475,יתרה,חיוב,ליזי מילשטיין,05.06.25

,בוצע,Wine & Friends,,1170,כרטיס אשראי,חיוב,ארנון פרלה,03.07.25

,בוצע,לחשבון הבנק,,963,חשבון בנק,זיכוי,איתן כץ,04.07.25

,בוצע,תרופות,,200,יתרה,זיכוי,ליזי מילשטיין,11.07.25

,בוצע,יערה קידר - חולון,,116,יתרה,חיוב,ליזי מילשטיין,15.07.25

,סורב,מתנה לתמרוש,,240,כרטיס אשראי,חיוב,ליזי מילשטיין,18.07.25

,בוצע,מונית לשדה,,175,כרטיס אשראי,חיוב,עמית קורנבליט,22.07.25

,בוצע,מונית הביתה,,200,כרטיס אשראי,חיוב,אברהם קרויטורו,31.07.25

,בוצע,תשלום לי.רובין ושות,,607,כרטיס אשראי,חיוב,HYP  ,04.08.25

,בוצע,צהריים,,100,כרטיס אשראי,חיוב,אלי פסצ׳נסקי,06.08.25

,בוצע,קופה קטנה,,850,יתרה,זיכוי,ליזי מילשטיין,30.09.25

,בוצע,קופה קטנה,,150,יתרה,זיכוי,ליזי מילשטיין,30.09.25

,בוצע,Withdrawal to Bank Account,,1084,חשבון בנק,זיכוי,איתן כץ,30.09.25

,בוצע,קונצרט פילהרמונית,,210,כרטיס אשראי,חיוב,ליזי מילשטיין,07.10.25

,בוצע,יין,,870,כרטיס אשראי,חיוב,ארנון פרלה,23.10.25

,נכשל,הזמנת מטח בטרמינל - 200000.0 ין יפני ,,4438.75,כרטיס אשראי,חיוב,מט''ח בטרמינל  ,27.10.25

,נכשל,הזמנת מטח בטרמינל - 100000.0 ין יפני ,,2228.75,כרטיס אשראי,חיוב,מט''ח בטרמינל  ,27.10.25

,סורב,פספורט קארד,,604,כרטיס אשראי,חיוב,ליזי מילשטיין,02.11.25

,בוצע,מןנית לשדה,,180,כרטיס אשראי,חיוב,משה אלבז,06.11.25

,בוצע,מונית,,200,כרטיס אשראי,חיוב,רמי אשמי,23.11.25

,בוצע,החזר קונצרט,,210,יתרה,זיכוי,ליזי מילשטיין,16.12.25

,בוצע,משיכה לחשבון בנק,,210,חשבון בנק,זיכוי,איתן כץ,16.12.25

,סירבת,שופרסל,,192,,זיכוי,ליזי מילשטיין,19.12.25

,בוצע,שופרסל,,192,יתרה,זיכוי,ליזי מילשטיין,19.12.25

,בוצע,משיכה לחשבון בנק,,192,חשבון בנק,זיכוי,איתן כץ,19.12.25

חשוב לדעת:
1. פירוט הפעולות בקבצי הנתונים כאמור נוצר באמצעות ממשק ממוכן⹁ ויתכנו שיבושי הגהה⹁ נוסח⹁ חישוב⹁ טעויות סופר וכד'.
2. יש לנקוט בשיקול דעת מתאים בעת השימוש באפשרות הורדה ו/או שיתוף בנתונים. עם יצירת קובץ נתונים ממוכן בהתאם לבקשתך כאמור⹁ יתאפשר לך לנהוג ולעשות בקבצי הנתונים כרצונך. כמו כן⹁ באפשרותך לייצא  קבצי נתונים אלו באמצעות אפליקציות צד – שלישי וכן לשתף קבצי נתונים עם צדדים שלישיים שונים באמצעות שירותים מקוונים ו/או לשמור קבצי נתונים אלו בדרכים נוספות שלא באמצעות מכשירך (כגון מחשב אישי⹁ USB⹁ שירותי ענן ועוד).
3. מובהר כי קבצי נתונים אלו נוצרו כאשר אינם מוגנים בסיסמא או בקוד מגן כלשהו⹁ והצפייה בהם תתאפשר לכל גורם שתהיה לו גישה אליהם. פעולות אלו בקבצי הנתונים עלולות להוביל לחשיפת פרטים ומידע רגיש עם צדדים שלישיים ו/או אפליקציות צד שלישי כאמור⹁ בכפוף לתנאי אותן אפליקציות צד - שלישי.